Dosya_Adi,ZCR_Mean,ZCR_Std,STE_Mean,STE_Max,Pitch_Mean,Duygu
G01_D01_C_11_Angry_C3.wav,0.039167258522727275,0.05666451621468499,0.10811156,0.28555635,1368.3636,Angry
G01_D01_C_11_Neutral_C1.wav,0.04893697750796178,0.06497655688578463,0.06060282,0.25798824,1338.9897,Neutral
G01_D01_C_11_Sad_C4.wav,0.05662179321625344,0.0600672569489692,0.05863191,0.26651064,1738.3496,Sad
G01_D01_C_11_Surprised_C5.wav,0.06774430248618785,0.07695598555216368,0.07879809,0.25513378,1790.0137,Surprised
G01_D02_M_18_Happy_C2.wav,0.02568760202891791,0.03553133929827948,0.053080294,0.13136327,843.2073,Happy
G01_D02_M_18_Neutral_C1.wav,0.04457262976694915,0.047287637341678894,0.02651909,0.11288904,1227.2175,Neutral
G01_D02_M_18_Sad_C4.wav,0.032649945609177215,0.041355688537306756,0.033758484,0.095842876,1256.9672,Sad
G01_D03_F_23_Angry_C3.wav,0.05886466733870968,0.07831254938089305,0.107438475,0.24575132,1298.5996,Angry
G01_D04_M_20_Angry_C3.wav,0.025285734953703703,0.034786633500429105,0.102729924,0.3013523,1094.1743,Angry
G01_D04_M_20_Neutral_C1.wav,0.030039911684782608,0.030420785552230944,0.09063814,0.2909601,1056.9122,Neutral
G01_D04_M_20_Sad_C4.wav,0.028326866610738254,0.028946427262075997,0.083633214,0.23303603,1326.0872,Sad
G01_D05_F_20_Happy_C2.wav,0.06419045224834984,0.07941792231503987,0.08552568,0.18098637,1386.6874,Happy
G01_D05_F_20_Sad_C4.wav,0.058445834181596094,0.06821196385992388,0.060708895,0.23430961,1466.4662,Sad
G01_D06_F_29_Angry_C3.wav,0.06899548451834862,0.11048252109267222,0.09275107,0.23786639,1297.0681,Angry
G01_D06_F_29_Happy_C2.wav,0.053220002547554345,0.0788023238783613,0.07215447,0.18418108,1466.3722,Happy
G01_D06_F_29_Sad_C4.wav,0.06534805993541033,0.08212223461962734,0.02570169,0.10931668,1189.4015,Sad
G01_D07_F_25_Neutral_C1.wav,0.05323030956112853,0.08127849568362905,0.045373805,0.19688965,1163.9777,Neutral
G01_D07_F_25_Sad_C4.wav,0.06018491526741294,0.0661454636884524,0.038029518,0.13513692,1620.615,Sad
G01_D07_F_25_Surprised_C5.wav,0.11471074899463807,0.12240157237254114,0.05770567,0.28236762,1534.0548,Surprised
G01_D08_C_14_Happy_C2.wav,0.03673951411960133,0.04604507502596281,0.13370635,0.3261639,1132.297,Happy
G01_D08_C_14_Neutral_C1.wav,0.03890922077265372,0.040145128196862376,0.108577676,0.3112111,1090.1995,Neutral
G01_D08_C_14_Surprised_C5.wav,0.06520014223845108,0.0731766987740672,0.09102792,0.31940517,1566.0269,Surprised
G03_D01_C_10_Happy_C2.wav,0.07128770238509749,0.08555795097961931,0.13244101,0.47655535,1712.4935,Happy
G03_D01_C_10_Sad_C4.wav,0.09002182904411765,0.11786293237330642,0.09366064,0.29852396,1758.1531,Sad
G03_D01_C_10_Shocked_C5.wav,0.1400894275877724,0.16826264344665684,0.061490122,0.39950195,1830.0781,Surprised
G03_D02_F_45_Furious_C3.wav,0.1042938232421875,0.10601816328981947,0.049129017,0.18122679,1384.8732,Angry
G03_D02_F_45_Happy_C2.wav,0.05364145874505929,0.07861145841531339,0.053694148,0.12656099,1078.989,Happy
G03_D02_F_45_Sad_C4.wav,0.05648828125,0.06958136076120429,0.028551465,0.10269001,1274.284,Sad
G03_D03_M_50_Furious_C3.wav,0.03594453456038135,0.04857557160804288,0.073638596,0.18291765,914.57294,Angry
G03_D03_M_50_Happy_C2.wav,0.03323501275510204,0.05299223242717962,0.08404004,0.25267938,979.84204,Happy
G03_D03_M_50_Neutral_C1.wav,0.058059614927030455,0.06664733556448092,0.029803282,0.124093935,761.4021,Neutral
G03_D04_M_23_Furious_C3.wav,0.04535055384389671,0.06691447237979856,0.037045714,0.09988809,1430.1447,Angry
G03_D04_M_23_Happy_C2.wav,0.03295003056234719,0.03282981282108869,0.026880832,0.07994155,1433.8851,Happy
G03_D04_M_23_Sad_C4.wav,0.030415085126768868,0.03767155057410044,0.026068773,0.07013806,1360.1173,Sad
G03_D05_F_22_Furious_C3.wav,0.09783216277356903,0.10828699415841658,0.07657711,0.2746727,1220.9415,Angry
G03_D05_F_22_Neutral_C1.wav,0.06898271276595745,0.0868167713144593,0.04405348,0.19043437,1243.0482,Neutral
G03_D05_F_22_Sad_C4.wav,0.10461037782701711,0.08597838964916732,0.04860335,0.30335647,1534.3457,Sad
G03_D06_C_11_Furious_C3.wav,0.11768104573787062,0.16651529351306082,0.10025996,0.3385068,1693.3909,Angry
G03_D06_C_11_Happy_C2.wav,0.10133570269808743,0.125908988767695,0.09750923,0.3802633,1749.4971,Happy
G03_D06_C_11_Shocked_C5.wav,0.14381826220460198,0.1718597195917191,0.102272615,0.45194018,1798.1207,Surprised
G04_D01_M_20_Furious_C3.wav,0.09960388869382023,0.08755437206785192,0.01875235,0.063461736,1849.3798,Angry
G04_D01_M_20_Happy_C2.wav,0.07652568307152406,0.08976887812715924,0.008977566,0.03484295,1688.4874,Happy
G04_D01_M_20_Neutral_C1.wav,0.08580146856671554,0.08080658105248818,0.012532023,0.053384554,1637.4442,Neutral
G04_D02_M_21_Furious_C3.wav,0.06926154561980609,0.07776847759202998,0.044144027,0.16433483,1667.0668,Angry
G04_D02_M_21_Happy_C2.wav,0.07767159598214286,0.08193554998434563,0.047680512,0.19041148,1671.7139,Happy
G04_D02_M_21_Neutral_C1.wav,0.08965953029918865,0.08558514691188146,0.051278304,0.22089863,1777.3512,Neutral
G04_D03_F_21_Furious_C3.wav,0.0474300462372449,0.05004210664278626,0.0344881,0.14562567,1746.4304,Angry
G04_D03_F_21_Happy_C2.wav,0.043314512611040606,0.04539409213773848,0.024820406,0.08735068,1757.4265,Happy
G04_D03_F_21_Sad_C4.wav,0.0510205078125,0.044037210652970206,0.0065346304,0.067162134,1957.1115,Sad
G04_D04_K_21_Furious_C3.wav,0.06837285811143984,0.09254646011096791,0.08479011,0.47579733,1662.8185,Angry
G04_D04_K_21_Neutral_C1.wav,0.059591728344298246,0.07442155402464495,0.033663537,0.17139979,1655.0126,Neutral
G04_D04_K_21_Shocked_C5.wav,0.07936611906576654,0.09976152871905902,0.056525268,0.34207207,1515.4031,Surprised
G04_D05_C_12_Furious_C3.wav,0.11330824042085427,0.11432644440274467,0.010878752,0.034700155,1773.0469,Angry
G04_D05_C_12_Happy_C2.wav,0.09913309083230958,0.10582958859015802,0.009163842,0.031102162,1825.021,Happy
G04_D05_C_12_Neutral_C1.wav,0.10561940426997245,0.10992417307024956,0.0060141636,0.03681097,1483.7737,Neutral
G04_D06_C_13_Furious_C3.wav,0.04675153936503417,0.04613943064502877,0.10748621,0.35387555,1458.8969,Angry
G04_D06_C_13_Happy_C2.wav,0.05099507971218962,0.04800728963833146,0.100499414,0.29769814,1603.3595,Happy
G04_D06_C_13_Neutral_C1.wav,0.03509676395939086,0.02561145222061983,0.07199719,0.31108707,1198.3931,Neutral
G05_D01_C_9_Angry_C3.wav,0.04397192498518957,0.04751944073472998,0.14073418,0.41986588,1618.3953,Angry
G05_D01_C_9_Happy_C2..wav,0.04221579293224299,0.04430274462463138,0.13715401,0.41346607,1627.8949,Happy
G05_D01_C_9_Neutral_C1.wav,0.051077322738386305,0.05430918060747571,0.0844852,0.2747099,1560.0405,Neutral
G05_D02_E_23_Angry_C3.wav,0.043216589725378785,0.05499597265664019,0.052582636,0.223058,1471.7476,Angry
G05_D02_E_23_Happy_C2.wav,0.02663311298076923,0.035185582663685475,0.06532358,0.18064092,1054.8954,Happy
G05_D02_E_23_Neutral_C1.wav,0.031349071557971016,0.03426338941148088,0.039967634,0.15806065,1117.693,Neutral
G05_D03_K_19_Angry_C3.wav,0.03797617975504323,0.042784341100406714,0.08252617,0.40327355,1242.1365,Angry
G05_D03_K_19_Happy_C2.wav,0.037872403425655975,0.041729800103991334,0.059575256,0.27955407,1433.145,Happy
G05_D03_K_19_Neutral_C1.wav,0.0395271145567602,0.0325282882724838,0.027177673,0.13330673,1319.1772,Neutral
G05_D04_K_21_Angry_C3.wav,0.03635402279005525,0.042526317868642284,0.12050441,0.29651505,923.0095,Angry
G05_D04_K_21_Happy_C2.wav,0.03785897259736181,0.048706559763887367,0.12119584,0.30630916,1243.099,Happy
G05_D04_K_21_Neutral_C1.wav,0.029025607638888888,0.03288591123968556,0.07376746,0.22102247,1079.2577,Neutral
G05_D05_E_21_Angry_C3.wav,0.03495549776193634,0.05420042216030962,0.1649571,0.47258562,1324.4572,Angry
G05_D05_E_21_Happy_C2.wav,0.02675968650053305,0.04102454755085986,0.17020066,0.4606559,1387.2234,Happy
G05_D05_E_21_Neutral_C1.wav,0.040344087577160494,0.04630590874365182,0.117183805,0.42429194,1357.1226,Neutral
G05_D06_C_9_Angry_C3.wav,0.03424072265625,0.026832523308494456,0.039918195,0.14320658,1097.0726,Angry
G05_D06_C_9_Happy_C2.wav,0.03872366240530303,0.03227358621807483,0.044548683,0.121508144,1603.4094,Happy
G05_D06_C_9_Neutral_C1.wav,0.034898419246495324,0.034911564187314933,0.01713325,0.06709415,1396.021,Neutral
G06_D01_F_20_Furious_C3.wav,0.06673813798899755,0.07838665872733884,0.08275118,0.24823733,1603.0425,Angry
G06_D01_F_20_Neutral_C1.wav,0.057748799696765496,0.05832666522053735,0.08488762,0.26232588,1626.7628,Neutral
G06_D01_F_20_Shocked_C3.wav,0.08243021150914634,0.07939936396553222,0.081778735,0.32990453,1836.9138,Surprised
G06_D02_F_19_Furious_C3.wav,0.09030549422554347,0.12227757181706769,0.15975559,0.3504939,1085.6459,Angry
G06_D02_F_19_Neutral_C1.wav,0.07455045160864979,0.09589630855327146,0.12692046,0.31135762,969.3332,Neutral
G06_D02_F_19_Shocked_C5.wav,0.16009125152191558,0.15221506945341795,0.08618441,0.221138,1357.6874,Surprised
G06_D03_M_20_Furious_C3.wav,0.06763474484707446,0.0750269522846156,0.08217776,0.22374693,1737.8544,Angry
G06_D03_M_20_Neutral_C1.wav,0.06605498644770408,0.07249139836690306,0.07892075,0.24010023,1656.7603,Neutral
G06_D03_M_20_Shocked_C5.wav,0.07804564051918736,0.07294092148362735,0.07785526,0.25982448,1871.8728,Surprised
G06_D04_M_48_Furious_C3.wav,0.06758800462062257,0.06704377679165419,0.14410967,0.4090916,1395.335,Angry
G06_D04_M_48_Neutral_C1.wav,0.07417363705842392,0.06366954471913795,0.07414878,0.27273387,1326.7507,Neutral
G06_D04_M_48_Shocked_C5.wav,0.10061730752444134,0.10274406663819574,0.11598218,0.32228,1623.3811,Surprised
G06_D05_C_10_Furious_C3.wav,0.07167708333333334,0.1393639685066017,0.1619007,0.5529443,1427.0854,Angry
G06_D05_C_10_Neutral_C1.wav,0.05943676549145299,0.11482157609267762,0.17126724,0.4311685,1366.0923,Neutral
G06_D05_C_10_Shocked_C5.wav,0.09982834045263789,0.1490398946837092,0.11958084,0.38188493,1584.7561,Surprised
G06_D06_C_08_Furious_C3.wav,0.1169503083491461,0.14894363128718607,0.11630872,0.47035834,1589.0497,Angry
G06_D06_C_08_Neutral_C1.wav,0.10345362103174603,0.14962489384953417,0.088349395,0.33407304,1423.1881,Neutral
G06_D06_C_08_Shocked_C5.wav,0.15063435940099834,0.16900269803698875,0.09788764,0.47445908,1561.8347,Surprised
G07_D01_M_22_Furious_C3.wav,0.04718121027542373,0.08167670918400578,0.041043643,0.14899941,1084.4015,Angry
G07_D01_M_22_Happy_C2.wav,0.04498710341125954,0.06976781232203509,0.04876075,0.15848829,898.5946,Happy
G07_D01_M_22_Neutral_C1.wav,0.04949732320717132,0.05750800089338321,0.014321529,0.05493933,1216.8169,Neutral
G07_D02_M_50_Happy_C2.wav,0.027681790865384616,0.050476128204683064,0.038856693,0.12602535,836.88025,Happy
G07_D02_M_50_Neutral_C1.wav,0.03461452052411874,0.04599782753776467,0.03294791,0.16201124,844.0137,Neutral
G07_D02_M_50_Sad_C4.wav,0.03509091659330986,0.04586326905225259,0.024770949,0.1113156,1446.3688,Sad
G07_D03_F_35_Happy_C2.wav,0.042268989078177256,0.07580899963862675,0.026144117,0.09213179,913.2398,Happy
G07_D03_F_40_Furious_C3.wav,0.05382832228535354,0.10901013217295495,0.03270245,0.10991584,1013.3123,Angry
G07_D03_F_40_Neutral_C1.wav,0.053068069391375546,0.08243300143927294,0.03739173,0.09614631,1151.0117,Neutral
G07_D04_F_20_Furious_C3.wav,0.04889414612676057,0.07964341097221293,0.0563061,0.20060022,1064.0256,Angry
G07_D04_F_20_Happy_C2.wav,0.04952315596846847,0.08066901060013669,0.0774708,0.18246856,1334.6498,Happy
G07_D04_F_20_Neutral_C1.wav,0.05964863330200501,0.07744110414494103,0.050634872,0.18010922,1247.4388,Neutral
G07_D05_ C_15_Sad_C4.wav,0.06311894806338028,0.06985503228205779,0.08516187,0.27326915,1449.823,Sad
G07_D05_C_15_Happy_C2.wav,0.05355718804065744,0.06849997239156955,0.10658295,0.28441906,1629.3107,Happy
G07_D05_C_15_Neutral_C1.wav,0.05639523875956633,0.05846056689640353,0.07156093,0.28698817,1307.4889,Neutral
G07_D06_C_15_Furious_C3.wav,0.09198273689516129,0.08687789144285273,0.039033417,0.15314606,1628.2654,Angry
G07_D06_C_15_Happy_C2.wav,0.053383870249406176,0.05257969492732793,0.031165399,0.13203233,1329.7,Happy
G07_D06_C_15_Neutral_C1.wav,0.061061103562801936,0.06962963487057557,0.015800027,0.09753991,1130.7698,Neutral
G08_D01_C_7_Furious_C3.wav,0.04978989109848485,0.04758935062481846,0.14929527,0.5498375,1559.0253,Angry
G08_D01_C_7_Happy_C2.wav,0.042860788316582916,0.03143103358396971,0.16067101,0.4877141,1530.5378,Happy
G08_D01_C_7_Neutral_C1.wav,0.041378536739864864,0.037514927686149016,0.110627115,0.55959153,1408.8838,Neutral
G08_D02_C_6_Furious_C3.wav,0.04297967539802065,0.0449493568916548,0.08598961,0.51434505,1329.9739,Angry
G08_D02_C_6_Happy_C2.wav,0.04906593605324074,0.04596547867681604,0.0913619,0.32757196,1655.8389,Happy
G08_D02_C_6_Sad_C4.wav,0.05439143514696169,0.05168091472763569,0.051763885,0.3381865,1678.8549,Sad
G08_D03_F_20_Happy_C2.wav,0.03644420144086826,0.04332360415877015,0.08332141,0.26249927,1151.2446,Happy
G08_D03_F_20_Neutral_C1.wav,0.04197739109848485,0.048788551007864396,0.04571332,0.18147692,1218.073,Neutral
G08_D03_F_20_Shocked_C5.wav,0.0647823146132172,0.07512837141806718,0.03619267,0.12043771,1236.2092,Surprised
G08_D04_M_22_Furious_C3.wav,0.043724285780325445,0.057385372409472814,0.057830177,0.16451122,1440.7723,Angry
G08_D04_M_22_Sad_C4.wav,0.04709757834757835,0.053303637061615526,0.03632899,0.16987315,1450.5874,Sad
G08_D04_M_22_Shocked_C5.wav,0.05961325180590452,0.06570739759057248,0.068354584,0.21097802,1727.8492,Surprised
G08_D05_F_52_Furious_C3.wav,0.039662354115479116,0.043194436930281625,0.08479408,0.23612668,1326.5929,Angry
G08_D05_F_52_Happy_C2.wav,0.03720655136670762,0.04856169199513356,0.09803692,0.21887569,1465.8344,Happy
G08_D05_F_52_Sad_C4.wav,0.04128086419753087,0.04240363020492275,0.076007806,0.3527243,1412.9409,Sad
G08_D06_M_49_Furious_C3.wav,0.04216080260791367,0.05143329736706979,0.09973108,0.27065092,1454.6608,Angry
G08_D06_M_49_Sad_C4.wav,0.045120668679643525,0.040516170497852166,0.039180044,0.17281868,1563.2496,Sad
G08_D06_M_49_Shocked_C5.wav,0.04517563467401501,0.04885097196470345,0.05520309,0.21409665,1389.1135,Surprised
G09_D01_K_22_Furious_C3.wav,0.0489070923180593,0.05764035047490909,0.13636066,0.45044076,1545.0371,Angry
G09_D01_K_22_Happy_C2.wav,0.039371130601415096,0.04154548735206609,0.22643909,0.6287096,1350.719,Happy
G09_D01_K_22_Sad_C4.wav,0.07569102950507614,0.06894240092890415,0.13695447,0.7668341,1819.7168,Sad
G09_D02_K_21_Furious_C3.wav,0.07039363434667674,0.07708956631247005,0.16498904,0.626408,1496.2501,Angry
G09_D02_K_21_Happy_C2.wav,0.07689288843457943,0.07785741346661748,0.21869515,0.61914307,1503.2837,Happy
G09_D02_K_21_Neutral_C1.wav,0.06795946366947853,0.07013029387180694,0.14504218,0.6251614,1338.5809,Neutral
G09_D03_E_21_Furious_C4.wav,0.06036788627199414,0.06707850433198194,0.072695285,0.4487391,1127.5237,Angry
G09_D03_E_21_Happy_C2.wav,0.049394067070383914,0.06468809056436976,0.09700981,0.44214207,1143.362,Happy
G09_D03_E_21_Neutral_C1.wav,0.05157123348577236,0.05990035050862757,0.07015665,0.4680303,1187.9595,Neutral
G09_D04_E_42_Furious_C3.wav,0.05788984597578348,0.05445782256808819,0.15713343,0.6152249,1641.9366,Angry
G09_D04_E_42_Sad_C2.wav,0.05523144025259067,0.04840856995208189,0.12546237,0.4398689,1708.4904,Sad
G09_D04_E_42_Shocked_C5.wav,0.057380445075757576,0.06289101113114479,0.16275898,0.5251765,1484.1781,Surprised
G09_D05_C_11_Furious_C3.wav,0.09218258829511834,0.10111951550372031,0.14013453,0.51294,1686.374,Angry
G09_D05_C_11_Sad_C4.wav,0.06351092833577712,0.05729795994277936,0.15586443,0.5893674,1626.1047,Sad
G09_D05_C_11_Shocked_C5.wav,0.09956654331140351,0.11273431601743067,0.09484094,0.5341872,1656.5018,Surprised
G09_D06_C_12_Furious_C3.wav,0.08392660126431298,0.09035031013916708,0.18733425,0.5650277,1374.0868,Angry
G09_D06_C_12_Sad_C4.wav,0.07906848538306452,0.08122067917473058,0.22706205,0.5980371,1329.0355,Sad
G09_D06_C_12_Shocked_C5..wav,0.10307065902217742,0.11357137276750273,0.1349557,0.5188957,1392.372,Surprised
G10_D01_C_11_furious_C3.wav,0.04981228298611111,0.047337606756018204,0.1059581,0.49692115,1548.1542,Angry
G10_D01_C_11_happy_C2.wav,0.034528649371603264,0.02287560216309926,0.10162594,0.33670574,1529.4879,Happy
G10_D01_C_11_sad_C4.wav,0.055639732334621994,0.05023135033199681,0.07401868,0.26854238,1882.5502,Sad
G10_D02_M_25_neutral_C1.wav,0.02766458967090708,0.03376368983106586,0.06986181,0.2539509,1116.027,Neutral
G10_D02_M_25_sad_C4.wav,0.024586532329277867,0.029968912391855562,0.06057786,0.6862245,1412.4421,Sad
G10_D02_M_25_shocked_C5.wav,0.036040278659052453,0.04030132038639355,0.08666226,0.32069564,1437.7456,Surprised
G10_D03_M_23_happy_C2.wav,0.03339158442982456,0.030720066224063963,0.07533019,0.28972322,1356.157,Happy
G10_D03_M_23_neutral_C1.wav,0.0331842845659164,0.029476271993417277,0.05006011,0.43013945,1289.0037,Neutral
G10_D03_M_23_shocked_C5.wav,0.04040306855500821,0.0428409937289933,0.056727435,0.30182078,1226.7045,Surprised
G10_D04_F_17_furious_C3.wav,0.034640991885359115,0.030911896934439805,0.10628779,0.26823932,1411.3704,Angry
G10_D04_F_17_neutral_C1.wav,0.03021409414978678,0.020181783212308953,0.041546654,0.21581896,1215.2467,Neutral
G10_D04_F_17_sad_C4.wav,0.02982174580103359,0.03183340572743693,0.07059746,0.25089422,1116.3967,Sad
G10_D05_C_11_happy_C2.wav,0.05112465659340659,0.05204087004357814,0.09547262,0.35257047,1589.2719,Happy
G10_D05_C_11_neutral_C1.wav,0.06254756616550695,0.06216462871532412,0.07746364,0.440165,1573.3165,Neutral
G10_D05_C_11_sad_C4.wav,0.060525104498407645,0.05594487959025499,0.07784139,0.30329394,1676.7913,Sad
G10_D06_F_30_furious_C3.wav,0.058616946258907364,0.06946181424845413,0.10521516,0.33234447,1632.6415,Angry
G10_D06_F_30_happy_C2.wav,0.04514704730576441,0.04864031488723281,0.11843183,0.35834804,1561.5767,Happy
G10_D06_F_30_neutral_C1.wav,0.04659090909090909,0.04846975372301178,0.09672945,0.3429437,1255.2384,Neutral
G11_D01_C_11_Furious_C3.wav,0.03626295357696281,0.030807408084421752,0.101167,0.5621441,1497.9229,Angry
G11_D01_C_11_Neutral_C1.wav,0.029007015156835205,0.022650003916985437,0.09549344,0.49533018,1389.497,Neutral
G11_D01_C_11_Shocked_C5.wav,0.04206026517427885,0.04042620346853225,0.07866136,0.34871572,1532.3408,Surprised
G11_D02_C_16_Furious_C3.wav,0.06118229666506718,0.053305549765342235,0.09502639,0.47281933,1866.8079,Angry
G11_D02_C_16_Happy_C2.wav,0.05528500205592105,0.05100911044142538,0.13147713,0.633994,1854.2739,Happy
G11_D02_C_16_Neutral_C1.wav,0.045769339685501065,0.041477528447122325,0.079514705,0.512113,1738.983,Neutral
G11_D03_M_21_Furious_C3.wav,0.03403542258522727,0.03401334746429037,0.09923908,0.3599407,1489.1179,Angry
G11_D03_M_21_Sad_C4.wav,0.03209635416666667,0.022888096426338645,0.059468042,0.26654553,1504.9362,Sad
G11_D03_M_21_Shocked_C5.wav,0.04439242493872549,0.04415907982610221,0.0843645,0.40923747,1562.7213,Surprised
G11_D04_F_24_Furious_C3.wav,0.040054771280160856,0.051630290875297004,0.030538334,0.10223291,1674.4904,Angry
G11_D04_F_24_Happy_C2.wav,0.030309511048812667,0.03527996296611617,0.041590277,0.10007478,1492.7257,Happy
G11_D04_F_24_Neutral_C1.wav,0.03636474609375,0.04132639363922267,0.031137975,0.12294626,1402.581,Neutral
G11_D05_F_20_Furious_C3.wav,0.03576726861338798,0.041887771833483356,0.09801504,0.35424075,1258.0469,Angry
G11_D05_F_20_Happy_C2.wav,0.03891787710777126,0.04573713340025187,0.09316067,0.36839527,1453.0918,Happy
G11_D05_F_20_Sad_C4.wav,0.04172694830246913,0.04657414906777421,0.073731035,0.26180083,1571.9495,Sad
G11_D06_M_22_Furious_C3.wav,0.05116984049479167,0.039859088062669364,0.070619,0.47214204,1751.0803,Angry
G11_D06_M_22_Neutral_C1.wav,0.039625901442307696,0.03229989066338122,0.045096774,0.1812612,1637.1337,Neutral
G11_D06_M_22_Shocked_C5.wav,0.045469753747323344,0.045706150590051106,0.068407886,0.2969948,1585.9907,Surprised
G12_D01_K_23_Happy_C2.wav,0.03164419383305648,0.031009506854254607,0.033740498,0.07852771,849.1505,Happy
G12_D01_K_23_Neutral_C1.wav,0.032370598266961655,0.02634921026194208,0.017092783,0.04008751,926.8073,Neutral
G12_D01_K_23_Shocked_C5.wav,0.046259742538416075,0.0456420336889439,0.027570702,0.0687455,883.07825,Surprised
G12_D02_K_21_Furious_C3.wav,0.03437440088190184,0.04752396884688881,0.027191335,0.079176426,751.36835,Angry
G12_D02_K_21_Neutral_C1.wav,0.023411314570189273,0.021243435843900402,0.018659877,0.043196134,724.1978,Neutral
G12_D02_K_21_Sad_C4.wav,0.022439765413279134,0.018731911371132,0.014332325,0.042337533,826.8626,Sad
G12_D03_E_21_Neutral_C1.wav,0.07054703958918539,0.06453656499703024,0.0028300318,0.009401702,1653.0696,Neutral
G12_D03_E_21_Sad_C4.wav,0.06927599878368264,0.05851358174501034,0.0037513112,0.008883502,1806.811,Sad
G12_D03_E_21_Shocked_C5.wav,0.0790758634868421,0.0702128739224511,0.0047662244,0.014860333,1998.3965,Surprised
G12_D04_E_61_Furious_C3.wav,0.04072529560810811,0.05021033441876813,0.2413454,0.8856597,1273.9601,Angry
G12_D04_E_61_Happy_C2.wav,0.041692578772802656,0.05671635948927595,0.14102736,0.61773974,1497.8363,Happy
G12_D04_E_61_Neutral_C1.wav,0.028992681393678162,0.03382970196899585,0.06243657,0.2617607,984.457,Neutral
G12_D05_C_8_Happy_C2.wav,0.033934916020671835,0.06139015658177942,0.053310364,0.11841094,1273.5935,Happy
G12_D05_C_8_Neutral_C1.wav,0.03998850083210059,0.03729134409174275,0.046407476,0.21664764,1148.2644,Neutral
G12_D05_C_8_Sad_C4.wav,0.046689789870689655,0.05818884034152653,0.034745123,0.11293299,1481.248,Sad
G12_D06_C_9_Neutral_C1.wav,0.10039946364514349,0.15604068459031448,0.01754673,0.0777136,1327.1311,Neutral
G12_D06_C_9_N_Happy_C2.wav,0.09662776393149285,0.14705379920971967,0.024978844,0.10071051,1517.6361,Happy
G12_D06_C_9_Shocked_C5.wav,0.12338994249535316,0.14035177875491886,0.0142165525,0.07599794,1722.3062,Surprised
G13_D01_M_22_Furious_C3.wav,0.02596701715225564,0.05386560425014675,0.018618468,0.07123583,1203.3556,Angry
G13_D01_M_22_Neutral_C1.wav,0.025819290515988372,0.04365613055421235,0.012759397,0.049903907,871.16223,Neutral
G13_D01_M_22_Shocked_C5.wav,0.049455322783970274,0.08061410150117251,0.017355688,0.070844844,1111.8646,Surprised
G13_D02_M_22_Furious_C3.wav,0.03816342293765743,0.05560232151147457,0.09703846,0.36816534,1517.9021,Angry
G13_D02_M_22_Neutral_C1.wav,0.03015560728976234,0.0455835907594267,0.036141183,0.16648453,1291.1011,Neutral
G13_D02_M_22_Sad_C4.wav,0.03194552277432712,0.045968289331441155,0.037644774,0.1752187,1594.3649,Sad
G13_D03_F_17_Furious_C3.wav,0.024807373526522594,0.05279290280505691,0.021188665,0.12939376,802.12787,Angry
G13_D03_F_17_Neutral_C1.wav,0.02079286803637201,0.04416333392414532,0.013997713,0.06843675,905.05676,Neutral
G13_D03_F_17_Sad_C4.wav,0.028271484375,0.0482544747015126,0.013909797,0.066675305,1183.0051,Sad
G13_D04_F_28_Furious_C3.wav,0.041594035243407705,0.045774034419832,0.09352054,0.52056515,1469.029,Angry
G13_D04_F_28_Neutral_C1.wav,0.03502555373394004,0.028644793562103355,0.07225027,0.26076636,1411.1014,Neutral
G13_D04_F_28_Sad_C4.wav,0.038407269646139705,0.04445837573530287,0.06784192,0.26098138,1351.4026,Sad
G13_D05_C_10_Furious_C3.wav,0.040186342985733696,0.0439881306462793,0.11820407,0.5539417,1732.4552,Angry
G13_D05_C_10_Neutral_C1.wav,0.03394632711038961,0.04167584781397354,0.08841,0.41229048,1380.3667,Neutral
G13_D05_C_10_Shocked_C5.wav,0.05957344921038544,0.06109182485682244,0.059647396,0.17978077,1769.9227,Surprised
G13_D06_C_14_Furious_C3.wav,0.04281677773775216,0.04829150304702996,0.10385944,0.29377204,1622.4905,Angry
G13_D06_C_14_Happy_C2.wav,0.04013123804209184,0.033276115053256505,0.1330274,0.35868058,1722.4016,Happy
G13_D06_C_14_Sad_C4.wav,0.03889634874131945,0.04310920813169144,0.085761674,0.28511196,1671.7092,Sad
G14_D01_F_27_Happy_C2.wav,0.07358790488138686,0.08014709882830208,0.19549178,0.63451105,1385.8563,Happy
G14_D01_F_27_Neutral_C1.wav,0.075111370687046,0.07137023235927935,0.15924294,0.48629588,1537.9645,Neutral
G14_D01_F_27_Shocked_C5.wav,0.10307308687363835,0.11926527426905147,0.21306555,0.6006472,1471.7264,Surprised
G14_D02_F_28_Happy_C2.wav,0.03839680466237942,0.055234140047321745,0.08933014,0.3492544,1241.7173,Happy
G14_D02_F_28_Neutral_C1.wav,0.036728380460640135,0.053313299982159536,0.050619252,0.46471846,831.7279,Neutral
G14_D02_F_28_Shocked_C5.wav,0.04660350468312325,0.06706504180666523,0.09068308,0.44603673,1374.9974,Surprised
G14_D03_C_16_Happy_C2.wav,0.07093059017126789,0.09127726667317969,0.13097005,0.40364736,1712.1254,Happy
G14_D03_C_16_Neutral_C1.wav,0.06656161221590909,0.07889795615165612,0.07105788,0.42868695,1624.9553,Neutral
G14_D03_C_16_Shocked_C5.wav,0.11255208333333333,0.14706641902332085,0.08360398,0.37111667,1532.506,Surprised
G14_D04_C_16_Happy_C2.wav,0.03232164884868421,0.05261762214369745,0.10101238,0.42228672,1512.3544,Happy
G14_D04_C_16_Neutral_C1.wav,0.03087357172356828,0.043480783704419435,0.064367995,0.37187418,1207.7588,Neutral
G14_D04_C_16_Shocked_C5.wav,0.03817970165307971,0.06158484092953082,0.048677947,0.2567754,1756.404,Surprised
G14_D05_M_21_Furious_C3.wav,0.07784901494565218,0.07839763743156673,0.11073344,0.3871545,923.4312,Angry
G14_D05_M_21_Neutral_C1.wav,0.06476224362080103,0.06132545072528712,0.085865915,0.41764453,1033.1935,Neutral
G14_D05_M_21_Shocked_C5.wav,0.07066000661542339,0.07864877345486636,0.08206377,0.32666457,1305.715,Surprised
G14_D06_M_25_Happy_C2.wav,0.0461010979217233,0.061328302898006386,0.0931107,0.2947324,1315.7571,Happy
G14_D06_M_25_Neutral_C1.wav,0.06397369859132124,0.07460124754594825,0.07358393,0.24916305,1331.9767,Neutral
G14_D06_M_25_Shocked_C5.wav,0.0701171875,0.08907122459405271,0.114714764,0.39476064,1513.3109,Surprised
G15_D01_E_21_Mutsuz_C4.wav,0.03395963037959381,0.03328287695654131,0.0888641,0.39395908,1395.6007,Sad
G15_D01_E_21_Notr_C1.wav,0.03432951331401766,0.03893432032034482,0.10333278,0.33562613,1271.9497,Neutral
G15_D01_E_21_Ofkeli_C3.wav,0.03415479937803398,0.04281903877477096,0.1122345,0.4321843,1206.3221,Angry
G15_D02_C_16_Notr_C1.wav,0.021246462452168366,0.025049331419291204,0.062641986,0.6271951,823.24005,Neutral
G15_D02_C_16_Ofkeli_C3.wav,0.020224818141330165,0.0356929053975511,0.06616939,0.43961272,856.8266,Angry
G15_D02_C_16_Saskin_C5.wav,0.053188390899122806,0.06604982661691797,0.056648243,0.577358,1274.504,Surprised
G15_D03_K_20_Mutsuz_C4.wav,0.030028652704485487,0.03286626517602275,0.13096927,0.5224264,1395.1447,Sad
G15_D03_K_20_Ofkeli_C3.wav,0.027003673357046072,0.03836783346129151,0.15994656,0.46109423,1310.7635,Angry
G15_D03_K_20_Saskin_C5.wav,0.03241848053141711,0.03925123039064208,0.18351297,0.6204641,1263.728,Surprised
G15_D04_C_10_Notr_C1.wav,0.061755783891908216,0.0744164407275184,0.084874704,0.34063837,1405.1794,Neutral
G15_D04_C_10_Ofkeli_C3.wav,0.07420217648498695,0.08898680811374442,0.14660047,0.5115109,1660.3842,Angry
G15_D04_C_10_Saskin_C5.wav,0.09156735033259424,0.10594307381473528,0.101321734,0.3299106,1591.7743,Surprised
G15_D05_E_22_Notr_C1.wav,0.04377998892716536,0.03919218326733886,0.11053689,0.36079174,1288.7454,Neutral
G15_D05_E_22_Ofkeli_C3.wav,0.03631928635485651,0.04474565233055562,0.10599024,0.44710764,1545.1195,Angry
G15_D05_E_22_Saskin_C5.wav,0.04763280283106436,0.059307014483176206,0.10342756,0.37546772,866.21326,Surprised
G15_D06_K_44_Notr_C1.wav,0.03230743408203125,0.05661903642016943,0.17784086,0.43441153,693.2229,Neutral
G15_D06_K_44_Saskin_C5.wav,0.07642348931760204,0.10327583630509465,0.17322636,0.45290017,1451.9639,Surprised
G15_D06_K_44_Uzgun_C4.wav,0.027716708542713568,0.03519638725805053,0.15852484,0.46989802,1183.6842,Sad
G16_D01_C_07_Happy_C2.wav,0.06834088773663698,0.08916038588539539,0.0823666,0.3903473,1856.6663,Happy
G16_D01_C_07_Neutral_C1.wav,0.09040162002672208,0.10657460485832043,0.075493775,0.5167553,1774.3284,Neutral
G16_D01_C_07_Shocked_C5.wav,0.1465057206284153,0.1520884774634273,0.058721386,0.40836418,1976.1741,Surprised
G16_D02_F_21_Furious_C3.wav,0.12465525549540682,0.16029911169209476,0.10381225,0.47399753,1741.5493,Angry
G16_D02_F_21_Neutral_C1.wav,0.07145733173076924,0.10181854441897797,0.043199133,0.16760646,1390.7405,Neutral
G16_D02_F_21_Shocked_C5.wav,0.11915553435114504,0.1570263001379185,0.07586489,0.33919698,1675.72,Surprised
G16_D03_F_19_Furious_C3.wav,0.05334966582369942,0.08347641109278277,0.16819221,0.5218237,1400.5016,Angry
G16_D03_F_19_Happy_C2.wav,0.042509571605960264,0.06364757215013053,0.17767279,0.6509706,1297.1769,Happy
G16_D03_F_19_Neutral_C1.wav,0.053935364906832296,0.06700246273623658,0.056425083,0.20141393,1266.8601,Neutral
G16_D04_M_46_Furious_C3.wav,0.04899909588278932,0.07423120135943075,0.11023084,0.3460693,907.5951,Angry
G16_D04_M_46_Neutral_C1.wav,0.04495358157467533,0.05202049519798143,0.08639799,0.40694782,713.1945,Neutral
G16_D04_M_46_Shocked_C5.wav,0.06819217566287879,0.07793957666336306,0.066065274,0.38036105,1044.4164,Surprised
G16_D05_M_17_Furious_C3.wav,0.10280054644808743,0.1457473485871451,0.08007957,0.3636956,1295.9791,Angry
G16_D05_M_17_Sad_C4.wav,0.10526629192073171,0.1309719749958528,0.054427173,0.26999822,1669.543,Sad
G16_D05_M_17_Shocked_C5.wav,0.117645263671875,0.14832473933155996,0.06668501,0.33197683,1613.0406,Surprised
G16_D06_C_09_Furious_C3.wav,0.04632126549932976,0.05129755190647261,0.1468908,0.41600835,1568.2191,Angry
G16_D06_C_09_Happy_C2.wav,0.03823963048398329,0.04140241705532639,0.15072073,0.40440828,1223.4957,Happy
G16_D06_C_09_Neutral_C1.wav,0.05186922315140845,0.057554620648600875,0.08987165,0.27123135,1516.0916,Neutral
G17_D01_K_24_Mutlu_C2_.wav,0.06842041015625,0.05223713711067211,0.15744956,0.6351929,1248.1438,Happy
G17_D01_K_24_Notr_C1_.wav,0.07944246227034121,0.10749387639914927,0.021608554,0.11313902,1064.9067,Neutral
G17_D01_K_24_Ofkeli_C3_.wav,0.07619165348101266,0.1257537169876814,0.036291987,0.13586667,899.8216,Angry
G17_D02_K_33_Notr_C1_.wav,0.058702639011150234,0.09098531960894747,0.023804754,0.090591535,1113.4209,Neutral
G17_D02_K_33_Uzgun_C4_.wav,0.07098052536231884,0.09618576370881766,0.01877455,0.059779275,1285.2922,Sad
G17_D03_C_4_Mutlu_C2_.wav,0.1131529102152568,0.11383853350384684,0.02402786,0.08625207,1880.0573,Happy
G17_D03_C_4_Uzgun_C4_.wav,0.12231635157465008,0.1050236910656701,0.013538591,0.059677023,1978.8331,Sad
G17_D04_E_23_OFKELI╠ç_C3_.wav,0.08109861591695501,0.16271972681193972,0.07364999,0.29803953,1215.3901,Angry
G17_D04_E_23_UZGUN_C4_.wav,0.07281880439082279,0.13321784066033793,0.02718262,0.2008769,1298.4589,Sad
G17_D05_E_22_MUTLU_C2_.wav,0.06789716702063107,0.13777676281087045,0.061834008,0.22275445,981.6927,Happy
G17_D05_E_22_Notr_C1_.wav,0.07281222555620609,0.1387497308161038,0.03362949,0.14571883,887.5244,Neutral
G17_D05_E_22_Uzgun_C4_.wav,0.07691524488508969,0.13468243267588503,0.02407296,0.097556815,1281.0441,Sad
G17_D06_C_8_MUTLU_C2_.wav,0.06476758873980978,0.06985191181968199,0.09411109,0.38299972,1778.4823,Happy
G17_D06_C_8_Notr_C1_.wav,0.05323878566066066,0.06601474822663977,0.064517066,0.34794894,1339.4373,Neutral
G17_D06_C_8_OFKELI╠ç_C3_.wav,0.05569764798280423,0.07783751787797845,0.10057678,0.31541422,1411.5642,Angry
G19_D01_M_20_Furious_C3.wav,0.1514551816475265,0.1614399550337046,0.2505815,0.54875565,1350.4508,Angry
G19_D01_M_20_Neutral_C1.wav,0.07947326448961937,0.10173847761126614,0.11693879,0.276668,1328.7383,Neutral
G19_D01_M_20_Sad_C4.wav,0.08207716986677116,0.08273605858612723,0.11634348,0.29221252,1626.8374,Sad
G19_D02_M_29_Furious_C3.wav,0.05227775288341646,0.07775025829783098,0.14349835,0.33318225,1348.9647,Angry
G19_D02_M_29_Neutral_C1.wav,0.0759968049719888,0.0869064401437123,0.14846966,0.3134094,1486.0555,Neutral
G19_D02_M_29_Sad_C4.wav,0.08090259989754098,0.09234831410965798,0.15752068,0.37888566,1663.7852,Sad
G19_D03_F_21_Furious_C3.wav,0.040533298399390245,0.04005973460381825,0.16892882,0.40604576,1413.5957,Angry
G19_D03_F_21_Neutral_C1.wav,0.0360180128330721,0.039339993169341995,0.15070382,0.3946846,1180.8921,Neutral
G19_D03_F_21_Shocked_C5.wav,0.0506826767899061,0.048989270648258275,0.14970237,0.5011541,1560.8046,Surprised
G19_D04_F_18_Furious_C3.wav,0.03501134072580645,0.043912637692291805,0.14657623,0.56928974,1495.8372,Angry
G19_D04_F_18_Happy_C2.wav,0.03320021278578529,0.0396194043247927,0.1765795,0.4729738,1260.9971,Happy
G19_D04_F_18_Shocked_C5.wav,0.051923575876383764,0.05285138370314038,0.12477009,0.5585246,1837.5809,Surprised
G19_D05_C_08_Happy_C2.wav,0.0901125357354101,0.06031059256277598,0.0968736,0.4080747,1830.5614,Happy
G19_D05_C_08_Sad_C4.wav,0.09284497444633731,0.06295468461806404,0.08597104,0.36932576,2016.891,Sad
G19_D05_C_08_Shocked_C5.wav,0.09649125430704442,0.06676914023425859,0.083789594,0.58289975,2040.3151,Surprised
G19_D06_C_10_Furious_C3.wav,0.08556430563501144,0.04245666206457026,0.12638924,0.36584044,2024.8467,Angry
G19_D06_C_10_Happy_C2.wav,0.06888758579147196,0.053489479429231,0.17793784,0.4846679,1866.886,Happy
G19_D06_C_10_Shocked_C5.wav,0.0716724917763158,0.05556380059280046,0.15911373,0.42614073,1866.7024,Surprised
G01_D01_E_21_Notr_C1 (1).wav,0.037651248094512195,0.06334173457990842,0.040472426,0.19144201,1073.6465,Neutral
G01_D01_E_21_Ofkeli_C3.wav,0.05776131122773537,0.09452428178043801,0.06057483,0.16971354,1164.2839,Angry
G01_D01_E_21_Saskin_C5.wav,0.08755284926470588,0.1363522378159615,0.053701922,0.17484953,1591.7065,Surprised
G01_D02_K_58_Notr_C1.wav,0.04316523554804805,0.0679414037050023,0.06428393,0.24743545,838.8092,Neutral
G01_D02_K_58_Ofkeli_C3.wav,0.03966613209575688,0.06967083652462318,0.058884542,0.22229059,1139.7432,Angry
G01_D02_K_58_Saskin_C5.wav,0.04261774027122642,0.05973154244284909,0.049897082,0.1878035,1007.40204,Surprised
G01_D03_C_7_Mutlu_C2.wav,0.07114401750283447,0.05831988695056869,0.047297653,0.17126007,1809.2213,Happy
G01_D03_C_7_Notr_C1.wav,0.06874367042824074,0.06808084088232001,0.016047053,0.07901134,1609.639,Neutral
G01_D03_C_7_Saskin_C5.wav,0.07924743543157424,0.07976208899229739,0.03748467,0.20608236,1747.5903,Surprised
G01_D04_C_10_Notr_C1.wav,0.054286411830357144,0.06124491535701588,0.060415797,0.16416626,1473.456,Neutral
G01_D04_C_10_Ofkeli_C3.wav,0.10759034630847954,0.05881639257463292,0.10390691,0.37115848,2059.3337,Angry
G01_D04_C_10_Uzgun_C4.wav,0.055264229218362285,0.06147961994244011,0.034463305,0.123411946,1825.9088,Sad
G01_D05_E_20_Notr_C1.wav,0.04430999373433584,0.04003052087246695,0.06727981,0.2687522,1608.5785,Neutral
G01_D05_E_20_Ofkeli_C3.wav,0.043064087236147755,0.047159581193901574,0.11216022,0.38878763,1529.6062,Angry
G01_D06_K_19_Mutlu_C2.wav,0.051377815387577006,0.048722001757288094,0.09230024,0.30822244,1709.3226,Happy
G01_D06_K_19_Notr_C1.wav,0.043458048502604166,0.04056662374358671,0.06440041,0.2829646,1543.0797,Neutral
G01_D06_K_19_Ofkeli_C3.wav,0.0500271954113924,0.04356221605401668,0.07823773,0.38913015,1725.3098,Angry
G1_D05_E_20_Saskin_C5.wav,0.048798957757190266,0.05565267771134701,0.08671596,0.39188865,1555.2518,Surprised
G02_D01_C_12_Mutlu_C2.wav,0.05613258670520231,0.06480702878536124,0.0765934,0.21694405,1162.4377,Happy
G02_D01_C_12_Notr_C1.wav,0.14323698879390018,0.13434363381830572,0.042026654,0.13764924,1227.8359,Neutral
G02_D01_C_12_Ofkeli_C3.wav,0.0707503852494266,0.09430688523168979,0.06963171,0.20665254,943.1483,Angry
G02_D02_C_12_Mutlu_C2.wav,0.052647073154885655,0.07055145716837809,0.059070982,0.20906492,1394.6229,Happy
G02_D02_C_12_Notr_C1.wav,0.057124714994635194,0.05434431179147077,0.049067713,0.1587457,766.9853,Neutral
G02_D02_C_12_Ofkeli_C3.wav,0.06749143223752599,0.07611113512657214,0.07360483,0.20675144,914.9102,Angry
G02_D03_K_21_Notr_C1.wav,0.12357708379919499,0.08455839375415368,0.056840893,0.43826964,1237.6036,Neutral
G02_D03_K_21_Ofkeli_C3.wav,0.10211953922193878,0.08050406598016162,0.08279617,0.3704569,1209.899,Angry
G02_D03_K_21_Uzgun_C4.wav,0.09610172193877552,0.06690353351397266,0.07551478,0.34861735,1400.3954,Sad
G02_D04_E_17_Notr_C1.wav,0.10860357973194748,0.08737644743624128,0.06980856,0.3719955,1305.2213,Neutral
G02_D04_E_17_Ofkeli_C3.wav,0.08435209297839506,0.07087603222712875,0.10822117,0.39705464,1363.9696,Angry
G02_D04_E_17_Uzgun_C4.wav,0.10468123701009502,0.08170144830378145,0.078594334,0.30948302,1597.4606,Sad
G02_D05_E_17_Notr_C1.wav,0.08852618365719257,0.07717690822882615,0.055738788,0.23584569,1303.3352,Neutral
G02_D05_E_17_Ofkeli_C3.wav,0.1074775019778481,0.09099832781864008,0.08537577,0.3753074,1305.883,Angry
G02_D05_E_17_Uzgun_C4.wav,0.0934667494690534,0.08225024670888896,0.05982491,0.21058685,1387.9191,Sad
G02_D06_K_20_Notr_C1.wav,0.10390393487338362,0.09369615551305757,0.02446926,0.13805355,1736.2988,Neutral
G02_D06_K_20_Ofkeli_C3.wav,0.09948513775887574,0.1046262894097532,0.037969142,0.14586948,1545.7896,Angry
G02_D06_K_20_Uzgun_C4.wav,0.09728442970459518,0.08095365932120735,0.027422769,0.11800859,1794.1108,Sad
G03_D01_E_18_Notr_C1.wav,0.03963694852941176,0.058327461791055024,0.10450957,0.37889382,1066.0046,Neutral
G03_D01_E_18_Ofkeli_C3.wav,0.04272303427419355,0.06944166316261509,0.15083367,0.39452666,1185.637,Angry
G03_D01_E_18_Uzgun_C4.wav,0.030242473323170732,0.03781587836842719,0.07258641,0.3051669,1086.6099,Sad
G03_D02_E_20_Notr_C1.wav,0.03879867061491935,0.05724543570746915,0.071079716,0.15928179,1387.3759,Neutral
G03_D02_E_20_Ofkeli_C3.wav,0.055975811298076925,0.07794829126717767,0.08622583,0.17768647,1408.4247,Angry
G03_D02_E_20_Uzgun_C4.wav,0.04207710597826087,0.04783687078531511,0.07667344,0.19173516,1656.7812,Sad
G03_D03_C_11_Mutlu_C2.wav,0.04027769619360902,0.07133656260517417,0.06765744,0.11770412,1330.1049,Happy
G03_D03_C_11_Ofkeli_C3.wav,0.05888091738861386,0.11482879162784415,0.05886512,0.1597998,1383.186,Angry
G03_D03_C_11_Saskin_C5.wav,0.08121778770876827,0.12111041761887452,0.04584658,0.15215816,1573.9141,Surprised
G03_D04_C_08_Mutlu_C2.wav,0.04936154149159664,0.07974465185720297,0.09630615,0.21536174,1063.4193,Happy
G03_D04_C_08_Ofkeli_C3.wav,0.0542415247066787,0.10376759886026385,0.094475,0.25727975,1024.4857,Angry
G03_D04_C_08_Uzgun_C4.wav,0.054026661104368934,0.07193244413551778,0.08153129,0.23751667,1369.245,Sad
G03_D05_K_29_Mutlu_C2.wav,0.039780560661764705,0.07171821894953827,0.07771299,0.15225585,1095.3857,Happy
G03_D05_K_29_Ofkeli_C3.wav,0.07133192104231975,0.12094642530989923,0.0849733,0.25737524,1118.8408,Angry
G03_D05_K_29_Saskin_C5.wav,0.0914524285368217,0.14122578914714023,0.048438977,0.10255953,1489.5796,Surprised
G03_D06_K_48_Mutlu_C2.wav,0.04499116903877888,0.06643962608746352,0.05581286,0.11469289,1170.0367,Happy
G03_D06_K_48_Notr_C1.wav,0.055958369006849314,0.0679814406740806,0.027251117,0.09921843,1211.074,Neutral
G03_D06_K_48_Ofkeli_C3.wav,0.0631103515625,0.08982756618307512,0.09000554,0.27279237,1290.7788,Angry
G04_D01_E_20_Notr_C1.wav,0.03655371278355388,0.04055700279908349,0.056024134,0.26827544,937.154,Neutral
G04_D02_K_21_Ofkeli_C3.wav,0.05116102430555555,0.07425673067416032,0.12063989,0.36709902,1037.7561,Angry
G04_D02_K_21_Saskin_C5.wav,0.07749467329545455,0.08740388272109033,0.08089366,0.27998313,1245.488,Surprised
G04_D02_K_21_Uzgun_C4.wav,0.05955762987012987,0.07101715190568528,0.09873209,0.274528,1196.1998,Sad
G04_D03_K_21_Mutlu_C2.wav,0.04783715420081967,0.05686930730458878,0.1187617,0.31826437,1484.3464,Happy
G04_D03_K_21_Notr_C1.wav,0.04908615980691057,0.05969047712498271,0.07067744,0.32418218,1222.9084,Neutral
G04_D03_K_21_Ofkeli_C3.wav,0.048552727616782004,0.06618531526876661,0.10792408,0.31563687,1263.1522,Angry
G04_D04_E_13_Mutlu_C2.wav,0.05651746800816024,0.053892373634129444,0.11918339,0.32275784,1551.6151,Happy
G04_D04_E_13_Uzgun_C4.wav,0.05487672552506775,0.044301818648632675,0.08429794,0.32635146,1791.9904,Sad
G04_D05_E_21_Uzgun_C4.wav,0.03453382554945055,0.03884575368104316,0.052832402,0.13657033,1496.726,Sad
G05_D01_C_09_Notr_C1.wav,0.06292548676552107,0.07919568666845006,0.08592376,0.35035178,1418.9918,Neutral
G05_D01_C_09_Ofkeli_C3.wav,0.07287685476618705,0.09088420864989027,0.14468528,0.5198177,1660.8105,Angry
G05_D01_C_09_Saskin_C5.wav,0.09697802634928716,0.1153430629878223,0.092188805,0.30786026,1600.2764,Surprised
G05_D02_C_09_Notr_C1.wav,0.09394139131214149,0.12407882577917213,0.076860614,0.21725819,1332.9333,Neutral
G05_D02_C_09_Ofkeli_C3.wav,0.0862600615530303,0.10471540926291091,0.1482572,0.5796851,1722.8696,Angry
G05_D02_C_09_Saskin_C5.wav,0.11942554175475686,0.16225050169879848,0.06784879,0.23911393,1572.6222,Surprised
G05_D03_K_19_Mutlu_C2.wav,0.044407667311946904,0.04825820214578001,0.09991079,0.4490318,1615.2617,Happy
G05_D03_K_19_Ofkeli_C3.wav,0.04528376192098093,0.0602595765781272,0.13392685,0.48836514,1393.7883,Angry
G05_D03_K_19_Saskin_C5.wav,0.06066607981220657,0.06481102485084789,0.07119947,0.32696882,1618.8002,Surprised
G05_D04_K_25_Mutlu_C2.wav,0.028062056678265525,0.035995996078293055,0.07448817,0.25291952,1082.1091,Happy
G05_D04_K_25_Ofkeli_C3.wav,0.029378644587320573,0.03721164799817636,0.09375711,0.30550903,1125.3179,Angry
G05_D04_K_25_Uzgun_C4.wav,0.033699873554913294,0.04561599980945072,0.039011344,0.16659202,1155.2788,Sad
G05_D05_E_20_Mutlu_C2.wav,0.026491195436507936,0.03919675117150238,0.10225598,0.4799571,1391.7589,Happy
G05_D05_E_20_Notr_C1.wav,0.030414223398169335,0.03842422131421877,0.09012877,0.26637146,1473.6084,Neutral
G05_D05_E_20_Ofkeli_C3.wav,0.028758166719143576,0.04544325810564542,0.103897005,0.46847832,1514.4174,Angry
G05_D06_E_20_Notr_C1.wav,0.04321906429597701,0.04630338902790703,0.06502791,0.37246194,1556.3672,Neutral
G05_D06_E_20_Ofkeli_C3.wav,0.048772786458333335,0.05803850791644396,0.077799544,0.2775913,1657.3163,Angry
G05_D06_E_20_Uzgun_C4.wav,0.04776069401625561,0.04277497840348786,0.066015445,0.30538696,1783.7142,Sad
G06_D01_E_21_Mutlu_C2.wav,0.048241995640962675,0.03943095168890926,0.051953584,0.1568228,1648.6943,Happy
G06_D01_E_21_Notr_C1.wav,0.05267854610934664,0.04245410352968637,0.03920453,0.12552758,1643.9735,Neutral
G06_D01_E_21_Saskin_C5.wav,0.06009979036998617,0.04848868665077562,0.0415654,0.1536935,1656.1509,Surprised
G06_D02_E_21_Mutlu_C2.wav,0.04735750960401891,0.04559851666738853,0.09612849,0.2538439,1512.4502,Happy
G06_D02_E_21_Notr_C1.wav,0.039126888736263736,0.02483092014965714,0.071683384,0.22758918,1160.0319,Neutral
G06_D02_E_21_Ofkeli_C3.wav,0.043794875979112274,0.04623959608569668,0.09740194,0.27525744,1168.0645,Angry
G06_D03K_25_Ofkeli_C3.wav,0.04745456861413044,0.05217479652368571,0.084250696,0.38192728,1596.638,Angry
G06_D03_K_25_Mutlu_C2.wav,0.04724198845541401,0.045219511842487105,0.07541797,0.3402573,1725.7711,Happy
G06_D03_K_25_Notr_C1.wav,0.04416882827848723,0.049200943582430975,0.057450186,0.1877057,1545.4922,Neutral
G06_D04_E_22_Mutlu_C2.wav,0.04140748615506329,0.04218065622114665,0.12756176,0.31729838,1500.1384,Happy
G06_D04_E_22_Notr_C1.wav,0.044096057046979865,0.04052691204483241,0.082427494,0.29526064,1327.7922,Neutral
G06_D04_E_22_Ofkeli_C3.wav,0.050656532379518074,0.0648918467427931,0.1397641,0.37266532,1315.305,Angry
G06_D05_C_10_Notr_C1.wav,0.0527069306206089,0.06985299923391684,0.07038124,0.320874,1484.6079,Neutral
G06_D05_C_10_Ofkeli_C3.wav,0.05793910743915929,0.08454591890417763,0.06751231,0.22203329,1584.1742,Angry
G06_D05_C_10_Uzgun_C4.wav,0.056157430013020836,0.0661649206408038,0.060076594,0.20133139,1809.1959,Sad
G06_D06_E_20_Notr_C1.wav,0.06234019886363636,0.07857256719933753,0.032356806,0.1150291,1423.9595,Neutral
G06_D06_E_20_Ofkeli_C3.wav,0.06349226286173633,0.10125023824928894,0.093285955,0.238492,1263.4106,Angry
G06_D06_E_20_Uzgun_C4.wav,0.10554907722966728,0.09867174944327992,0.022321299,0.0994081,1740.9341,Sad
G07_D02_E_22_Mutlu_C2.wav,0.030609930945692886,0.0336635152388163,0.086651504,0.18461864,975.26874,Happy
G07_D03_C_14_Mutlu_C2.wav,0.08545340401785714,0.09155812660566122,0.081171885,0.22988196,1604.0695,Happy
G07_D03_C_14_Saskin_C5.wav,0.12255725231799451,0.10786676949317459,0.050381802,0.26648805,1651.9324,Surprised
G07_D03_C_14_Uzgun_C4.wav,0.10314969212699317,0.16416069100198208,0.080306485,0.21486004,1674.2666,Sad
G07_D04_K_42_Mutlu_C2.wav,0.08170354446308725,0.14298056966381742,0.12188986,0.38961256,1361.914,Happy
G07_D04_K_42_Notr_C1.wav,0.07894400663154069,0.13261000799533973,0.08994708,0.28046274,1138.3994,Neutral
G07_D04_K_42_Ofkeli_C3.wav,0.05758949393656716,0.07560758834398587,0.14240661,0.3232267,1292.8735,Angry
G07_D05_C_11_Mutlu_C2.wav,0.07075749870152355,0.08280217717793026,0.13173585,0.36047795,1396.612,Happy
G07_D05_C_11_Notr_C1.wav,0.06415856402853261,0.06693195385140392,0.07280053,0.21600422,1304.9878,Neutral
G07_D05_C_11_Uzgun_C4.wav,0.05605958319591029,0.05738663902756078,0.10192819,0.40687516,1733.6322,Sad
G07_D06_C_20_Notr_C1.wav,0.05375423337438424,0.056790339141534765,0.05123421,0.20891707,878.33026,Neutral
G07_D06_C_20_Ofkeli_C3.wav,0.06695248382260101,0.07564225365088048,0.0789889,0.2649624,853.16754,Angry
G07_D06_E_20_Saskin_C5.wav,0.08849609375,0.10551732701723747,0.0831626,0.2884606,1135.8872,Surprised
G08_D01_K_20_Mutlu_C2.wav,0.03283463541666667,0.020649181475566873,0.05515245,0.15547393,1277.3206,Happy
G08_D01_K_20_Notr_C1.wav,0.026168709086658352,0.020231613181262847,0.036733177,0.11535347,759.6502,Neutral
G08_D01_K_20_Saskin_C5.wav,0.024869791666666665,0.01870676759097875,0.03130569,0.09798035,626.50616,Surprised
G08_D02_E_20_Mutlu_C2.wav,0.017815825464628298,0.018280670249053516,0.08322301,0.24708275,638.6884,Happy
G08_D02_E_20_Notr_C1.wav,0.020718581384892087,0.023707966696579808,0.054766648,0.16828138,669.25073,Neutral
G08_D02_E_20_Ofkeli_C3.wav,0.03736058428452116,0.0693941707315962,0.11069985,0.5086541,821.7284,Angry
G08_D03_K_19_Notr_C1.wav,0.03649293316160521,0.0376286226834392,0.060767103,0.23199208,1513.5728,Neutral
G08_D03_K_19_Ofkeli_C3.wav,0.04158339389534884,0.04519135518110304,0.09919954,0.3153158,1662.3579,Angry
G08_D03_K_19_Saskin_C5.wav,0.04943042557932264,0.05506244429981673,0.07438133,0.26853666,1458.1858,Surprised
G08_D04_C_15_Mutlu_C2.wav,0.028825895054133858,0.03369659737109195,0.09981064,0.44345862,1537.3457,Happy
G08_D04_C_15_Notr_C1.wav,0.027892447388438133,0.021869392000410125,0.094477996,0.54707474,1424.1592,Neutral
G08_D04_C_15_Uzgun_C4.wav,0.031086955037150348,0.03526899387327774,0.09009588,0.5271877,1456.0632,Sad
G08_D05_E_21_Notr_C1.wav,0.034489686222752045,0.038393966289580396,0.09392514,0.3112079,1442.7213,Neutral
G08_D05_E_21_Ofkeli_C3.wav,0.037056354561237376,0.051548309818674455,0.08159951,0.29442614,1234.8346,Angry
G08_D05_E_21_Uzgun_C4.wav,0.03503502155172414,0.04169342575792095,0.077679306,0.28844962,1534.4191,Sad
G08_D06_C_7_Mutlu_C2.wav,0.0412798655559739,0.037878842041691244,0.10855458,0.3976359,1516.8336,Happy
G08_D06_C_7_Notr_C1.wav,0.03987837924453054,0.023960026279503055,0.0866897,0.36993498,1429.2966,Neutral
G08_D06_C_7_Saskin_C5.wav,0.049047973025497515,0.048604400954806115,0.10086257,0.5116446,1559.5231,Surprised
G09_D01_E_19_Mutlu_C2.wav,0.047130276864035085,0.05876507685428495,0.07580927,0.17420861,1293.4349,Happy
G09_D01_E_19_Notr_C1.wav,0.04211764865451389,0.04657905355934275,0.04981764,0.1526014,1050.6718,Neutral
G09_D01_E_19_Ofkeli_C3.wav,0.055224435609430605,0.07339751523485889,0.083665766,0.20081317,1337.7067,Angry
G09_D02_E_19_Mutlu_C2.wav,0.04561567164179105,0.04875211006537806,0.087126605,0.331387,1138.1472,Happy
G09_D02_E_19_Notr_C1.wav,0.07011342546147672,0.05159769461826704,0.04051221,0.23505366,1116.7653,Neutral
G09_D02_E_19_Ofkeli_C3.wav,0.05363749129526462,0.06885206865625279,0.124866195,0.3002135,1010.418,Angry
G09_D03_K_50_Notr_C1.wav,0.026963438531353134,0.017858397767562158,0.009638829,0.050632562,1405.7085,Neutral
G09_D03_K_50_Saskin_C5.wav,0.029599266721491227,0.0246764815605403,0.02875814,0.1303305,1425.2964,Surprised
G09_D03_K_50_Uzgun_C4.wav,0.03152890625,0.025149387966467308,0.006916446,0.03106946,1318.631,Sad
G09_D04_K_25_Notr_C1.wav,0.05314769190871369,0.05142434268168782,0.06361301,0.29668278,1436.6345,Neutral
G09_D04_K_25_Ofkeli_C3.wav,0.05032062530517578,0.060013658714737884,0.090199426,0.4513143,1138.5627,Angry
G09_D04_K_25_Saskin_C5.wav,0.0736907474578373,0.06573259202889208,0.062486406,0.3557149,1470.2695,Surprised
G09_D05_C_15_Mutlu_C2.wav,0.04910737614966555,0.0581023000297548,0.035455886,0.100412235,1258.8064,Happy
G09_D05_C_15_Notr_C1.wav,0.052261594742063495,0.05526059211088935,0.019739354,0.053634863,1381.803,Neutral
G09_D05_C_15_Ofkeli_C3.wav,0.058733746722027975,0.08127389184896823,0.06576378,0.20019053,1322.9847,Angry
G09_D06_C_12_Mutlu_C2.wav,0.043016503667481665,0.03852202531231937,0.020550122,0.07054036,1883.263,Happy
G09_D06_C_12_Notr_C1.wav,0.046676996186023625,0.03063577829624249,0.00896608,0.04269339,1742.8774,Neutral
G09_D06_C_12_Ofkeli_C3.wav,0.04407162873641304,0.041673560150669794,0.054367803,0.19482552,1719.4121,Angry
G10_D01_C_7_Mutlu_C2.wav,0.11106244255514706,0.0933910413237233,0.09592074,0.32674438,2047.19,Happy
G10_D01_C_7_Notr_C1.wav,0.08867205995501894,0.08317713660612053,0.07031669,0.4065295,1795.195,Neutral
G10_D01_C_7_Ofkeli_C3.wav,0.10037244656385282,0.07611339077216787,0.080867976,0.32553613,1862.6973,Angry
G10_D02_C_16_Mutlu_C2.wav,0.059816944355867346,0.0802125992792547,0.08300168,0.27094513,1246.7522,Happy
G10_D02_C_16_Ofkeli_C3.wav,0.057592712249373436,0.09098063191822753,0.09700779,0.40662274,995.9232,Angry
G10_D02_C_16_Saskin_C5.wav,0.09893628192204301,0.12384434073754323,0.05825937,0.26594397,1262.0061,Surprised
G10_D03_E_23_Mutlu_C2.wav,0.05049103213028169,0.05525713144347418,0.075434186,0.27975407,1281.1523,Happy
G10_D03_E_23_Notr_C1.wav,0.04205364947552447,0.053987040590408125,0.04995378,0.24260339,963.1415,Neutral
G10_D03_E_23_Ofkeli_C3.wav,0.053416889675414365,0.0591962866179068,0.07832281,0.29213598,1105.7585,Angry
G10_D04_E_24_Mutlu_C2.wav,0.06753455905388471,0.07186467086689262,0.066692404,0.30256435,1488.5249,Happy
G10_D04_E_24_Notr_C1.wav,0.07588007929804805,0.07874048809768829,0.07611438,0.314765,1298.4445,Neutral
G10_D04_E_24_Ofkeli_C3.wav,0.06675465901692708,0.0821125690480771,0.082191825,0.3184407,1355.5289,Angry
G10_D05_K_26_Notr_C1.wav,0.061599948806980054,0.07429942915529959,0.058281112,0.30181634,1255.3566,Neutral
G10_D05_K_26_Ofkeli_C3.wav,0.10757847024936869,0.10171888080789113,0.08985061,0.3232822,1671.9613,Angry
G10_D05_K_26_Uzgun_C4.wav,0.0882395674542683,0.08387063900459261,0.065026894,0.2829919,1615.3859,Sad
G10_D06_K_27_Mutlu_C2.wav,0.09607094920154186,0.09795830850023085,0.07434929,0.34004855,1735.9586,Happy
G10_D06_K_27_Notr_C1.wav,0.07895058974582173,0.09265112792941706,0.06976555,0.2910009,1274.4468,Neutral
G10_D06_K_27_Ofkeli_C3.wav,0.11514660543646695,0.1105995922599576,0.082720436,0.3415199,1779.1472,Angry
G11_D01_K_48_Ofkeli_C3.wav,0.05243716032608696,0.07007658125241624,0.11840403,0.39809513,884.2647,Angry
G11_D01_K_48_Saskin_C5.wav,0.05224725356294537,0.08228637455119932,0.24348645,0.5950356,1079.2131,Surprised
G11_D01_K_48_Uzgun_C4.wav,0.04905607262436224,0.07200596769293975,0.11083479,0.5527813,990.6103,Sad
G11_D02_K_22_Mutlu_C2.wav,0.05504089692679558,0.10134837360022618,0.15215896,0.3883313,1019.17944,Happy
G11_D02_K_22_Notr_C1.wav,0.06140411475080386,0.09540970093702808,0.16093028,0.39357892,1403.5916,Neutral
G11_D02_K_22_Saskin_C5.wav,0.08568392398852658,0.10567958327231167,0.16493693,0.40639588,1244.6147,Surprised
G11_D03_E_20_Notr_C1.wav,0.056738895440251576,0.09075683686809081,0.14584704,0.37009737,652.71045,Neutral
G11_D03_E_20_Ofkeli_C3.wav,0.03726480858118971,0.04787388613523731,0.13431977,0.36313677,911.9056,Angry
G11_D03_E_20_Saskin_C5.wav,0.0659841152247537,0.08173194794580721,0.12430143,0.40028778,1357.614,Surprised
G11_D04_E_52_Notr_C1.wav,0.04289817247418879,0.049532577364698335,0.09994751,0.3422328,732.6162,Neutral
G11_D04_E_52_Ofkeli_C3.wav,0.04462290065173797,0.060921941201368575,0.09501985,0.3153108,1061.0663,Angry
G11_D04_E_52_Uzgun_C4.wav,0.04470013786764706,0.049574835879403485,0.08287269,0.32692724,986.3235,Sad
G11_D05_C_10_Mutlu_C2.wav,0.06332341974431818,0.07554859717858789,0.11254863,0.3881933,1088.5437,Happy
G11_D05_C_10_Ofkeli_C3.wav,0.06284203275966184,0.07744031836157136,0.11365798,0.44195682,1173.6812,Angry
G11_D05_C_10_Saskin_C5.wav,0.08829156283674569,0.09829444489945378,0.075429626,0.36512995,1060.389,Surprised
G11_D06_C_15_Ofkeli_C3.wav,0.06358996115095629,0.08546305134932065,0.11947227,0.42416868,1000.80255,Angry
G11_D06_C_15_Saskin_C5.wav,0.106828880754662,0.11492751082993816,0.07316478,0.3581644,1333.0131,Surprised
G11_D06_C_15_Uzgun_C4.wav,0.06339738175675676,0.08508774544302827,0.13690127,0.5696126,1081.2676,Sad
G12_D01_K_21_Mutlu_C2.wav,0.07226440123746868,0.08415127763546726,0.14005339,0.30202523,1086.1648,Happy
G12_D01_K_21_Notr_C1.wav,0.08149903598971722,0.09401048186823299,0.110205576,0.28835806,1244.2823,Neutral
G12_D01_K_21_Ofkeli_C3.wav,0.09161445531952248,0.11685708806507215,0.1578791,0.37765703,1225.8229,Angry
G12_D02_K_21_Mutlu_C2.wav,0.07206441019917582,0.09546178105444605,0.10721805,0.35994455,1414.1859,Happy
G12_D02_K_21_Notr_C1.wav,0.07398906006619937,0.08110457591319828,0.08554969,0.39090654,1177.6038,Neutral
G12_D03_E_20_Mutlu_C2.wav,0.06978779998273481,0.09567399995878535,0.11512896,0.36326563,1122.8556,Happy
G12_D03_E_20_Ofkeli_C3.wav,0.06881277901785714,0.10274455160031555,0.08260834,0.26565015,1088.2365,Angry
G12_D03_E_20_Uzgun_C4.wav,0.053119206832627115,0.07442295911662908,0.10100642,0.3243345,1179.7173,Sad
G12_D04_E_8_Mutlu_C2.wav,0.07081067049050632,0.05470179028169207,0.10535587,0.32071942,1940.3098,Happy
G12_D04_E_8_Notr_C1.wav,0.0520625,0.04699335362400442,0.09884487,0.30782485,1499.2657,Neutral
G12_D06_K_8_Notr_C1.wav,0.047688288643533125,0.03713701501254517,0.107914895,0.36265466,1289.2488,Neutral
G12_D07_E_20_Mutlu_C2.wav,0.08975067138671874,0.075531953424232,0.0616763,0.32196593,1831.9312,Happy
G12_D07_E_20_Notr_C1.wav,0.09053429662216829,0.0741618045140267,0.030333435,0.18844059,1746.3888,Neutral
G12_D08_E_13_Notr_C1.wav,0.07076239058660934,0.08403005431648614,0.07978834,0.2951074,1453.1868,Neutral
G13_D01_C_10_Mutlu_C2.wav,0.06267675339366516,0.055185547190949244,0.05531961,0.2053762,1702.1473,Happy
G13_D01_C_10_Notr_C1.wav,0.059104532690092165,0.05573828296101091,0.031168215,0.18070817,1397.3085,Neutral
G13_D01_C_10_Ofkeli_C3.wav,0.05861023206751055,0.06265508130908908,0.0586391,0.29567802,1427.3783,Angry
G13_D02_E_42_Mutlu_C2.wav,0.03270616319444444,0.03573382509651274,0.0646468,0.25556684,1066.5819,Happy
G13_D02_E_42_Notr_C1.wav,0.03640457084276018,0.04057652725446611,0.04882915,0.27343825,1060.7794,Neutral
G13_D02_E_42_Ofkeli_C3.wav,0.03275933159722222,0.03766015267411896,0.06661093,0.33404756,880.27576,Angry
G13_D03_C_11_Mutlu_C2.wav,0.06278963664698163,0.08044375107586668,0.1306785,0.38397667,1686.5996,Happy
G13_D03_C_11_Notr_C1.wav,0.028917478767421602,0.03735983089166818,0.07140449,0.46206275,845.2175,Neutral
G13_D03_C_11_Ofkeli_C3.wav,0.10199901167168675,0.10744092145435523,0.107488416,0.4850871,1595.2887,Angry
G13_D04_K_45_Notr_C1.wav,0.0654425063394988,0.08654665505376744,0.08457614,0.22814584,1426.1915,Neutral
G13_D04_K_45_Ofkeli_C3.wav,0.06416628713565023,0.09749581221748872,0.11148119,0.31074375,1153.16,Angry
G13_D04_K_45_Uzgun_C4.wav,0.07874348958333334,0.08377163742849932,0.04990003,0.22800295,1441.5944,Sad
G13_D05_K_48_Notr_C1.wav,0.07000837654903017,0.08581649547693229,0.058232512,0.2409918,1218.0011,Neutral
G13_D05_K_48_Ofkeli_C3.wav,0.10042317708333333,0.10778001764743998,0.097997345,0.41235957,1665.2888,Angry
G13_D05_K_48_Saskin_C5.wav,0.11748289151956107,0.13146165643313817,0.071394764,0.3728132,1639.5743,Surprised
G13_D06_E_47_Notr_C1.wav,0.09276021321614583,0.10391208529021502,0.050829515,0.18251556,844.5022,Neutral
G13_D06_E_47_Ofkeli_C3.wav,0.08301518834969789,0.11638446558147195,0.115418024,0.33423224,1040.6577,Angry
G13_D06_E_47_Saskin_C5.wav,0.09749275311085973,0.10489542425313342,0.0784468,0.31343377,1169.3304,Surprised
G14_D01_C_10_Mutlu_C2.wav,0.05164284323060942,0.07387375664174181,0.16243054,0.3632336,952.62537,Happy
G14_D01_C_10_Ofkeli_C3.wav,0.057479661256459945,0.08451818692053628,0.15127452,0.46513322,799.13635,Angry
G14_D01_C_10_Saskin_C5.wav,0.10016171294863861,0.11837659306652988,0.08165621,0.39664772,931.1846,Surprised
G14_D02_E_45_Mutlu_C2.wav,0.020701120326246335,0.031538956423708187,0.21503347,0.43031096,727.32996,Happy
G14_D02_E_45_Notr_C1.wav,0.019622802734375,0.03634913616252617,0.20641318,0.4225002,612.8525,Neutral
G14_D02_E_45_Saskin_C5.wav,0.040026669574873094,0.07125392815934141,0.17031296,0.37146938,1015.3093,Surprised
G14_D03_K_46_Notr_C1.wav,0.03230743408203125,0.05661903642016943,0.16034989,0.39168665,693.22296,Neutral
G14_D03_K_46_Saskin_C5.wav,0.07642348931760204,0.10327583630509465,0.15617308,0.408315,1451.9634,Surprised
G14_D03_K_46_Uzgun_C4.wav,0.027716708542713568,0.03519638725805053,0.1429139,0.42362505,1183.6838,Sad
G14_D04_E_58_Notr_C1.wav,0.024797218041784704,0.041478614976418374,0.1427393,0.41123268,678.0487,Neutral
G14_D04_E_58_Saskin_C5.wav,0.049776099604800936,0.0821459214449578,0.17253834,0.56152755,1285.8638,Surprised
G14_D04_E_58_Uzgun_C4.wav,0.050792605377906974,0.06978222206195926,0.11993302,0.4512408,1569.76,Sad
G14_D05_K_25_Notr_C1.wav,0.04889008962563452,0.059735344849739476,0.15512972,0.34805304,1382.4962,Neutral
G14_D05_K_25_Ofkeli_C3.wav,0.07237287023578812,0.08474793601489304,0.1766178,0.41371775,1834.1302,Angry
G14_D05_K_25_Uzgun_C4.wav,0.06628017300328228,0.07412570684222473,0.11226936,0.38132125,1724.5103,Sad
G14_D06_C_6_Mutlu_C2.wav,0.096649169921875,0.09006957966452361,0.16245937,0.5146824,1628.0725,Happy
G14_D06_C_6_Ofkeli_C3.wav,0.09091411389802631,0.09020563904002417,0.1294705,0.32546428,1526.9127,Angry
G14_D06_C_6_Uzgun_C4.wav,0.07163838120104439,0.09073865561321408,0.124095805,0.33903065,1486.5831,Sad
G15_D01_C_05_Mutlu_C2.wav,0.08260989972014926,0.09532018368855767,0.13342862,0.36162516,1617.5089,Happy
G15_D01_C_05_Notr_C1.wav,0.0788493868670886,0.08091791233917178,0.09755956,0.35901994,1496.7557,Neutral
G15_D01_C_05_Uzgun_C4.wav,0.11880953690895373,0.139572486798265,0.047395874,0.24896936,1311.8545,Sad
G15_D02_C_08_Mutlu_C2.wav,0.10682785888077859,0.10689878993701724,0.06570506,0.22731231,1753.792,Happy
G15_D02_C_08_Notr_C1.wav,0.11646340110085228,0.09497021778702922,0.09327984,0.31004006,1807.753,Neutral
G15_D02_C_08_Uzgun_C4.wav,0.10585803724315068,0.1013304653424174,0.10348618,0.3646427,1787.3468,Sad
G15_D03_K_19_Mutlu_C2.wav,0.046484375,0.0489113440144149,0.072232135,0.27334556,1714.3092,Happy
G15_D03_K_19_Ofkeli_C3.wav,0.046109523456057004,0.05234947669951509,0.07462989,0.27774686,1663.1703,Angry
G15_D03_K_19_Saskin_C5.wav,0.06572457945842451,0.06429385602527128,0.06184735,0.23449092,1853.5969,Surprised
G15_D04_K_28_Notr_C1.wav,0.042236328125,0.04420140990855813,0.06534789,0.28144157,1484.2882,Neutral
G15_D04_K_28_Saskin_C5.wav,0.05117042977008457,0.05981683061097381,0.080614135,0.31392545,1627.7296,Surprised
G15_D04_K_28_Uzgun_C4.wav,0.051551011029411765,0.049491900452703935,0.050713964,0.25305343,1746.9141,Sad
G15_D05_E_26_mutlu_C2.wav,0.0499267578125,0.044874053782307084,0.11848246,0.37164924,1546.7289,Happy
G15_D05_E_26_notr_C1.wav,0.046669553360849055,0.04407952907330654,0.06653385,0.25496197,1249.474,Neutral
G15_D05_E_26_ofkeli_C3.wav,0.049733257710152835,0.05146239546140969,0.11771427,0.38883314,1535.9381,Angry
G15_D06_E_55_mutlu_C2.wav,0.04719452965235174,0.044428587611594475,0.11188052,0.36025319,1497.2549,Happy
G15_D06_E_55_notr_C1.wav,0.04257347470238095,0.0415427518648311,0.09193997,0.2707471,1245.6256,Neutral
G15_D06_E_55_ofkeli_C3.wav,0.04748780935402685,0.05907738146791094,0.10754652,0.39681596,1304.085,Angry
G16_D01_K_21_Mutlu_C2.wav,0.032321480724299065,0.03468649228589821,0.11753763,0.33023006,1007.58307,Happy
G16_D01_K_21_Ofkeli_C3.wav,0.05917539491758242,0.07759286723667377,0.10656749,0.34620297,1064.475,Angry
G16_D01_K_21_Saskin_C5.wav,0.06230050453047776,0.07094204487439233,0.09266299,0.33004993,1226.3961,Surprised
G16_D02_E_20_Mutlu_C2.wav,0.030157831970404985,0.030165872201475395,0.109873526,0.3940612,908.20734,Happy
G16_D02_E_20_Notr_C1.wav,0.03223274327531646,0.034830622716974464,0.105348,0.34569457,878.6083,Neutral
G16_D02_E_20_Ofkeli_C3.wav,0.04115093185240964,0.040525641209543335,0.115225814,0.34975824,1180.2881,Angry
G16_D04_C_09_Mutlu_C2.wav,0.050599254261363635,0.061087305307069885,0.025056915,0.094881505,1589.7683,Happy
G16_D05_C_11_Mutlu_C2.wav,0.05140125363372093,0.046189977244673684,0.06335089,0.30981913,1739.8295,Happy
G16_D06_K_24_Mutlu_C2.wav,0.0581042199488491,0.07694868290132033,0.15109223,0.38199276,1197.4524,Happy
G16_D06_K_24_Ofkeli_C3.wav,0.07969610881542699,0.07908283564124685,0.13877721,0.38270462,1303.2549,Angry
G17_D01_E_21_Mutlu_C2.wav,0.0937890625,0.13046591165162025,0.039725356,0.07699309,1377.6216,Happy
G17_D01_E_21_Notr_C1.wav,0.12285786290322581,0.12056188589764945,0.03505412,0.09573922,1454.4075,Neutral
G17_D01_E_21_Saskin_C5.wav,0.16627734375,0.1670601965862822,0.04742895,0.10366841,1174.5748,Surprised
G17_D03_C_09_Mutlu_C2.wav,0.051008534590757236,0.06427229804497375,0.047563847,0.13036296,1581.8229,Happy
G17_D03_C_09_Ofkeli_C3.wav,0.05414057989318707,0.0738540458111247,0.062917285,0.16812828,1314.2035,Angry
G17_D03_C_09_Uzgun_C4.wav,0.06867000714656965,0.0751916649378111,0.028364955,0.08805538,1688.24,Sad
G17_D05_K_66_Mutlu_C2.wav,0.0642071394836272,0.09689113812115484,0.056748748,0.14350553,1472.3289,Happy
G17_D05_K_66_Ofkeli_C3.wav,0.07011549891930836,0.10517161000404075,0.06780083,0.2121919,1575.6875,Angry
G17_D05_K_66_Uzgun_C4.wav,0.07943718302505967,0.1077551247620229,0.042631418,0.15145007,1684.6395,Sad
G17_D06_E_68_Mutlu_C2.wav,0.04499404590069284,0.057519257566325505,0.10213259,0.35536405,1264.7319,Happy
G17_D06_E_68_Notr_C1.wav,0.039565022786458334,0.04603623930521535,0.06229825,0.2505656,1078.8164,Neutral
G17_D06_E_68_Uzgun_C4.wav,0.0405343049898167,0.04740154697351496,0.062323064,0.2526376,1320.9476,Sad
G18_D01_C_11_Mutlu.wav,0.03705929487179487,0.045214284504113675,0.1725709,0.47581604,1180.4047,Happy
G18_D01_C_11_Ofkeli_C3_.wav,0.06364553514631044,0.0708246147905878,0.117518984,0.41838446,1591.3225,Angry
G18_D01_C_Notr_11_C1.wav,0.038998637602179836,0.041738195374041186,0.107049055,0.36486235,1135.5586,Neutral
G18_D02_E_53_Mutlu_C2.wav,0.04483021811006826,0.049562151158761336,0.14767335,0.31899518,1324.0604,Happy
G18_D02_E_53_Notr_C1.wav,0.04436612215909091,0.0491850656428589,0.092315644,0.3338373,1189.415,Neutral
G18_D02_E_53_Ofkeli_C3.wav,0.04925007370283019,0.05978248808535983,0.1329827,0.3781914,1421.1295,Angry
G18_D03_K_17_Mutlu_C2.wav,0.05225706636235955,0.07755832600812824,0.13154466,0.34751862,1109.4629,Happy
G18_D03_K_17_Notr_C1.wav,0.0598685245385906,0.08180068770812544,0.08009138,0.35269195,1227.9681,Neutral
G18_D03_K_17_Ofkeli_C3.wav,0.07187248164398281,0.10630490289475213,0.09629682,0.5149798,1236.9791,Angry
G18_D04_K_44_Mutlu_C2.wav,0.03688334569732938,0.0552175066943469,0.1641084,0.38286328,1053.0084,Happy
G18_D04_K_44_Notr_C1.wav,0.07181733948378839,0.14313241081407954,0.111510344,0.3711269,928.09357,Neutral
G18_D04_K_44_Ofkeli_C3.wav,0.057504507211538464,0.0873517654300491,0.13466927,0.3991317,968.5156,Angry
G18_D05_E_18_Notr_C1.wav,0.04193312121975806,0.051518396689835405,0.081026874,0.32317343,1106.1893,Neutral
G18_D05_E_18_Ofkeli_C3.wav,0.056675254875886524,0.07106379373117788,0.17632446,0.38920307,1397.7716,Angry
G18_D05_E_18_Saskin_C5.wav,0.061995243002300617,0.07767096562703064,0.09515517,0.42688745,1472.1069,Surprised
G18_D06_C_7_Mutlu_C2.wav,0.03941411219783715,0.04576425023644686,0.11594558,0.4532922,1743.386,Happy
G18_D06_C_7_Notr_C1.wav,0.04052286410550459,0.043509195119864404,0.08184345,0.38204908,1265.8933,Neutral
G18_D06_C_7_Ofkeli_C3.wav,0.04421461525069638,0.05093216066328066,0.13156736,0.43264326,1593.3984,Angry
G19_D01_C_08_Notr_C1.wav,0.08314115084134616,0.09587993302392134,0.15952995,0.4132065,1499.7451,Neutral
G19_D01_C_08_No_Mutlu_C2.wav,0.06903189432989691,0.08279503514213923,0.13260366,0.34623292,1546.7833,Happy
G19_D01_C_08_No_Ofkeli_C3.wav,0.10064984865837696,0.11988777709408904,0.11711142,0.50852937,1732.9303,Angry
G19_D02_C_09_Notr_C1.wav,0.05286106418918919,0.0564836791290618,0.1343566,0.45616663,1187.5657,Neutral
G19_D02_C_09_Ofkeli_C3.wav,0.04554642078488372,0.06991784385004113,0.14336225,0.3715557,1218.0808,Angry
G19_D02_C_09_Saskin_C5 (1).wav,0.10486433699324324,0.11383453680625531,0.06737685,0.27694923,1734.234,Surprised
G19_D03_E_21_Mutlu_C2.wav,0.038937472967128024,0.056338005724158036,0.22983445,0.4246457,1250.1334,Happy
G19_D03_E_21_Saskin_C5.wav,0.0917135799632353,0.09701712425707641,0.13371187,0.4162726,1878.8855,Surprised
G19_D03_E_21_Uzgun_C4.wav,0.04133197623239437,0.03986917055878133,0.17468439,0.44012162,1512.2109,Sad
G19_D04_K_19_Notr_C1.wav,0.05942032849829351,0.08543077755999844,0.13783874,0.3577846,1181.7026,Neutral
G19_D04_K_19_No_Mutlu_C2.wav,0.057125766177652734,0.08315256362706455,0.1369366,0.4051562,1280.6218,Happy
G19_D04_K_19_No_Ofkeli_C3.wav,0.07345865885416666,0.11161123241355518,0.14879817,0.3804411,1348.9877,Angry
G19_D05_K_87_Mutlu_C2.wav,0.04889390382124352,0.05755046416423711,0.1981321,0.4370049,1553.4808,Happy
G19_D05_K_87_Notr_C1.wav,0.04954635265261628,0.06063163593252666,0.15428701,0.43428743,1301.6432,Neutral
G19_D05_K_87_Ofkeli_C3.wav,0.06376395089285715,0.08342433719191956,0.13940288,0.45960197,1601.7802,Angry
G19_D06_E_46_Ofkeli_C3.wav,0.04037222677831492,0.04625112843237538,0.14238675,0.3641604,1176.6776,Angry
G19_D06_E_46_Saskin_C5.wav,0.06124318777593819,0.07213204343229912,0.10524541,0.36915037,1589.7139,Surprised
G21_D01_C_11_Mutlu_C2.wav,0.054874936995967745,0.06012601196711247,0.11198898,0.4292958,1600.6711,Happy
G21_D01_C_11_Notr_C1.wav,0.04806948668204698,0.04926784006901456,0.08729602,0.32914847,1476.0046,Neutral
G21_D01_C_11_Ofkeli_C3.wav,0.06947989884118541,0.05825362752167432,0.1309925,0.42509252,1604.1326,Angry
G21_D02_K_21_Mutlu_C2.wav,0.05274348958333333,0.059851777360643864,0.13431628,0.4401023,1706.5103,Happy
G21_D02_K_21_Notr_C1.wav,0.05503141983695652,0.05290860150089063,0.10403201,0.33729833,1630.3196,Neutral
G21_D02_K_21_Ofkeli_C3.wav,0.055498303865131576,0.06397032274060971,0.13935465,0.39340705,1626.9259,Angry
G21_D03_E_50_Mutlu_C2.wav,0.05403386896306818,0.05587183936672659,0.101647325,0.3304041,1487.1682,Happy
G21_D03_E_50_Notr_C1.wav,0.053800154320987656,0.053239385806370394,0.08910185,0.24981023,1309.3353,Neutral
G21_D03_E_50_Ofkeli_C3.wav,0.04548172842019544,0.04619006359162528,0.13276014,0.3406218,1391.8049,Angry
G21_D04_C_13_Mutlu_C2.wav,0.03547907101599526,0.03845612388863494,0.08090776,0.20955195,1208.2113,Happy
G21_D04_C_13_Ofkeli_C3.wav,0.03784709149096385,0.039444591687081386,0.051499613,0.1482457,1106.8849,Angry
G21_D04_C_13_Uzgun_C4.wav,0.04388485863095238,0.05095583663345138,0.053178277,0.16907452,1426.1423,Sad
G21_D05_K_21_Ofkeli_C3.wav,0.051664070741033755,0.08517244136414406,0.06917084,0.19615814,1155.2393,Angry
G21_D05_K_21_Uzgun_C4.wav,0.07505693319838057,0.08676672448294792,0.03773266,0.13455702,1379.8198,Sad
G21_D06_E_20_Mutlu_C2.wav,0.02567927745165746,0.04244628035710482,0.0851768,0.1932344,1257.5837,Happy
G21_D06_E_20_Ofkeli_C3.wav,0.036266222677595626,0.054161698739286245,0.113975465,0.30128476,1104.0663,Angry
G23_D01_K_23_Mutlu_C2.wav,0.0837749313630491,0.09332959444015412,0.021076864,0.12770128,1871.7621,Happy
G23_D01_K_23_Notr_C1.wav,0.0802757133871822,0.07928840554950063,0.016774159,0.10139983,1779.0659,Neutral
G23_D01_K_23_Uzgun_C4.wav,0.08214771095459518,0.07949376955744479,0.015266045,0.10448,1677.338,Sad
G23_D02_K_24_Notr_C1.wav,0.050792539739884394,0.0652433088686273,0.025319282,0.07652334,1637.8555,Neutral
G23_D02_K_24_Ofkeli_C3.wav,0.07710575996143959,0.08459377460198005,0.024034405,0.06599206,1881.108,Angry
G23_D02_K_24_Saskin_C5.wav,0.10104196326879271,0.0914184570606789,0.019983001,0.07003744,1767.4868,Surprised
G23_D03_E_23_Mutlu_C2.wav,0.07691851054152397,0.08430667392833092,0.020139169,0.08826795,1770.9875,Happy
G23_D03_E_23_Notr_C1.wav,0.07475761894707207,0.08599106163524917,0.021908103,0.10680273,1759.8267,Neutral
G23_D03_E_23_Ofkeli_C3.wav,0.09113621067356419,0.09194020627995966,0.019191302,0.12275932,1859.1016,Angry
G23_D04_E_24_Notr_C1.wav,0.08035181130573249,0.08699924494864701,0.021256417,0.07921009,1775.9005,Neutral
G23_D04_E_24_Saskin_C5.wav,0.09983066502463055,0.09264124641953103,0.020631239,0.10382503,1909.405,Surprised
G23_D04_E_24_Uzgun_C4.wav,0.08551025390625,0.08856649377968356,0.020966496,0.116710454,1910.7523,Sad
G23_D05_C_12_Mutlu_C2.wav,0.0787445142251816,0.08742337841188946,0.020408401,0.123252265,1847.4023,Happy
G23_D05_C_12_Notr_C1.wav,0.0764431423611111,0.07817477723476404,0.015467946,0.0588484,1716.2606,Neutral
G23_D05_C_12_Saskin_C5.wav,0.09264768297283703,0.08974801896658312,0.019663291,0.1267752,1752.879,Surprised
G23_D06_C_12_Mutlu_C2.wav,0.0748579322393216,0.06775708300265318,0.02262901,0.07083116,1712.7535,Happy
G23_D06_C_12_Ofkeli_C3.wav,0.08628627232142858,0.07516889933807216,0.021511447,0.09159554,1835.4252,Angry
G23_D06_C_12_Uzgun_C4.wav,0.08901038536658654,0.08150735556634502,0.01940929,0.06469317,1831.4316,Sad
